{"cameraMode":{"drawMode":0,"name":"Shaded","section":"Shading Mode"},"sceneLighting":true,"audioPlay":false,"sceneViewState":{"showFog":true,"showMaterialUpdate":false,"showSkybox":true,"showFlares":true,"showImageEffects":true,"showParticleSystems":true},"in2DMode":false,"pivot":{"x":1.1440280675888062,"y":1.7512438297271729,"z":-3.8045358657836916},"rotation":{"x":-0.28818458318710329,"y":-0.05397339537739754,"z":0.01627192460000515,"w":-0.9559149742126465},"size":10.0,"orthographic":false}